Unnamed: 0,date,plant_variety_id,display_type_id,place_name_id,task_id,season_id,hours
,2024-04-25,13,5,18,2,2,1.77
,2024-04-25,19,3,15,7,2,2.19
,2024-04-25,30,5,10,10,2,2.54
,2024-04-25,28,5,3,1,2,2.1
,2024-04-26,5,6,4,2,2,1.5
,2024-04-26,12,5,18,10,2,1.17
,2024-04-26,30,5,7,6,2,1.5
,2024-04-26,28,5,10,1,2,1.61
,2024-04-27,2,3,10,3,2,1.88
,2024-04-27,5,1,1,6,2,1.58
,2024-04-27,14,5,18,7,2,2.88
,2024-04-27,16,5,6,2,2,1.66
,2024-04-27,28,5,17,1,2,1.83
,2024-04-30,6,5,6,10,2,1.5
,2024-04-30,14,5,16,1,2,1.5
,2024-04-30,16,6,4,11,2,2.0
,2024-04-30,19,3,2,5,2,1.5
,2024-04-30,28,5,15,11,2,1.98
,2024-05-01,20,4,11,1,2,2.24
,2024-05-01,22,4,2,7,2,3.59
,2024-05-01,23,4,19,1,2,1.4
,2024-05-01,29,2,17,1,2,1.83
,2024-05-01,28,5,3,11,2,1.64
,2024-05-02,3,4,19,1,2,1.11
,2024-05-02,15,6,4,1,2,1.33
,2024-05-02,17,4,10,1,2,1.1
,2024-05-02,19,5,7,10,2,2.14
,2024-05-02,21,2,3,1,2,1.3
,2024-05-02,27,3,8,1,2,1.26
,2024-05-02,30,5,10,10,2,1.25
,2024-05-02,28,5,18,11,2,1.61
,2024-05-03,5,2,1,7,2,1.71
,2024-05-03,9,5,6,6,2,2.08
,2024-05-03,10,5,6,1,2,1.21
,2024-05-03,11,6,4,1,2,1.06
,2024-05-03,22,4,22,1,2,1.27
,2024-05-03,26,3,15,1,2,1.17
,2024-05-03,30,5,5,1,2,1.0
,2024-05-03,28,5,7,11,2,1.67
,2024-05-04,10,5,7,10,2,2.46
,2024-05-04,15,6,4,1,2,2.07
,2024-05-04,21,2,15,1,2,2.44
,2024-05-04,26,3,10,1,2,2.53
,2024-05-07,5,6,4,1,2,1.15
,2024-05-07,6,5,5,2,2,1.0
,2024-05-07,8,4,2,1,2,1.32
,2024-05-07,16,5,15,3,2,0.98
,2024-05-07,17,4,10,3,2,1.6
,2024-05-07,19,5,8,1,2,1.09
,2024-05-07,22,4,10,1,2,1.25
,2024-05-07,28,5,18,11,2,2.03
,2024-05-08,1,4,8,1,2,1.12
,2024-05-08,5,3,14,1,2,1.15
,2024-05-08,9,5,16,6,2,1.26
,2024-05-08,11,2,16,1,2,1.18
,2024-05-08,14,5,14,1,2,1.11
,2024-05-08,16,5,16,1,2,1.19
,2024-05-08,27,2,18,1,2,1.27
,2024-05-08,28,5,8,11,2,2.06
,2024-05-09,3,4,23,11,2,2.27
,2024-05-09,4,6,4,2,2,2.81
,2024-05-09,9,5,5,7,2,1.52
,2024-05-09,18,4,9,1,2,1.34
,2024-05-09,19,3,2,1,2,1.56
,2024-05-09,28,5,18,11,2,2.11
,2024-05-10,6,5,17,1,2,1.34
,2024-05-10,8,4,9,1,2,1.29
,2024-05-10,9,5,8,7,2,1.41
,2024-05-10,16,6,4,1,2,1.37
,2024-05-10,18,4,13,1,2,1.48
,2024-05-10,19,5,16,1,2,1.19
,2024-05-10,25,4,10,1,2,1.42
,2024-05-10,28,5,5,7,2,1.62
,2024-05-11,1,4,22,1,2,1.77
,2024-05-11,8,4,13,8,2,1.79
,2024-05-11,11,6,4,1,2,1.59
,2024-05-11,20,4,10,6,2,2.85
,2024-05-11,21,2,20,1,2,1.5
,2024-05-11,28,5,15,7,2,1.87
,2024-05-14,14,5,8,2,2,2.29
,2024-05-14,15,3,2,1,2,2.33
,2024-05-14,27,1,20,1,2,2.43
,2024-05-14,30,5,6,1,2,2.44
,2024-05-14,28,5,7,7,2,1.78
,2024-05-15,1,4,19,8,2,1.61
,2024-05-15,3,4,8,1,2,1.08
,2024-05-15,4,1,21,1,2,0.94
,2024-05-15,14,5,7,1,2,1.25
,2024-05-15,18,4,22,1,2,0.98
,2024-05-15,19,3,8,1,2,1.12
,2024-05-15,20,4,13,3,2,1.29
,2024-05-15,24,5,5,1,2,1.23
,2024-05-15,28,5,3,7,2,2.01
,2024-05-16,13,5,5,1,2,2.59
,2024-05-16,21,2,14,5,2,2.52
,2024-05-16,24,5,8,1,2,2.25
,2024-05-16,26,5,17,1,2,2.14
,2024-05-16,28,5,18,7,2,2.07
,2024-05-17,9,5,6,7,2,1.73
,2024-05-17,13,5,8,1,2,1.63
,2024-05-17,17,4,11,1,2,1.6
,2024-05-17,21,2,20,1,2,1.7
,2024-05-17,24,5,17,10,2,2.84
,2024-05-17,28,5,7,7,2,1.6
,2024-05-18,5,6,4,11,2,2.95
,2024-05-18,11,1,23,1,2,2.05
,2024-05-18,13,5,15,1,2,2.06
,2024-05-18,17,4,9,1,2,2.45
,2024-05-18,28,5,10,7,2,2.01
,2024-05-21,2,3,8,6,2,2.43
,2024-05-21,6,5,9,1,2,2.18
,2024-05-21,20,4,13,1,2,2.39
,2024-05-21,30,5,17,1,2,2.5
,2024-05-21,28,5,10,7,2,1.67
,2024-05-22,2,2,21,11,2,1.37
,2024-05-22,5,1,15,1,2,1.81
,2024-05-22,7,5,6,1,2,1.33
,2024-05-22,13,5,9,1,2,1.75
,2024-05-22,25,4,22,1,2,1.78
,2024-05-22,30,5,7,1,2,1.46
,2024-05-22,28,5,9,7,2,1.76
,2024-05-23,17,4,22,1,2,2.61
,2024-05-23,23,4,10,1,2,1.3
,2024-05-23,24,5,6,2,2,2.61
,2024-05-23,26,5,16,1,2,1.99
,2024-05-23,28,5,7,7,2,2.17
,2024-05-24,2,6,4,10,2,2.76
,2024-05-24,4,2,21,1,2,1.45
,2024-05-24,7,5,10,10,2,2.0
,2024-05-24,13,5,6,1,2,1.64
,2024-05-24,15,3,8,1,2,1.64
,2024-05-24,28,5,17,7,2,2.17
,2024-05-25,8,4,8,1,2,1.15
,2024-05-25,12,5,18,6,2,1.36
,2024-05-25,14,5,16,1,2,1.13
,2024-05-25,15,6,4,2,2,2.08
,2024-05-25,20,4,22,1,2,1.41
,2024-05-25,24,5,18,1,2,1.22
,2024-05-25,26,5,10,1,2,1.15
,2024-05-25,28,5,10,7,2,1.84
,2024-05-28,5,3,2,1,2,1.05
,2024-05-28,11,3,9,1,2,1.0
,2024-05-28,13,5,18,1,2,1.1
,2024-05-28,17,4,22,8,2,1.82
,2024-05-28,21,2,1,1,2,1.07
,2024-05-28,23,4,2,1,2,1.11
,2024-05-28,24,5,16,1,2,0.98
,2024-05-28,30,5,9,2,2,1.38
,2024-05-28,28,5,3,7,2,1.61
,2024-05-29,3,4,8,1,2,0.89
,2024-05-29,13,5,9,10,2,1.6
,2024-05-29,14,5,3,1,2,0.93
,2024-05-29,19,5,3,1,2,1.09
,2024-05-29,22,4,19,7,2,1.66
,2024-05-29,25,4,13,1,2,0.92
,2024-05-29,26,3,23,1,2,0.88
,2024-05-29,28,5,15,6,2,1.86
,2024-05-30,1,4,8,8,2,1.48
,2024-05-30,4,6,4,1,2,1.44
,2024-05-30,10,5,10,1,2,1.17
,2024-05-30,12,5,3,1,2,1.21
,2024-05-30,15,1,21,7,2,1.68
,2024-05-30,18,4,13,1,2,1.29
,2024-05-30,22,4,2,1,2,1.23
,2024-05-30,28,5,14,6,2,2.17
,2024-05-31,2,3,24,1,2,1.19
,2024-05-31,3,4,8,1,2,1.07
,2024-05-31,9,5,17,7,2,1.11
,2024-05-31,10,5,3,3,2,1.06
,2024-05-31,13,5,16,1,2,1.08
,2024-05-31,20,4,11,1,2,1.21
,2024-05-31,25,4,19,10,2,1.73
,2024-05-31,26,5,7,1,2,1.06
,2024-06-01,17,4,9,1,3,2.16
,2024-06-01,23,4,11,1,3,1.71
,2024-06-01,25,4,19,10,3,3.68
,2024-06-01,29,2,20,1,3,1.95
,2024-06-04,2,2,3,1,3,1.09
,2024-06-04,4,6,4,1,3,1.29
,2024-06-04,6,5,8,2,3,1.9
,2024-06-04,11,1,1,1,3,1.19
,2024-06-04,12,5,8,1,3,1.27
,2024-06-04,21,2,17,1,3,1.13
,2024-06-04,29,2,15,6,3,1.63
,2024-06-05,3,4,19,6,3,0.97
,2024-06-05,5,3,9,7,3,1.41
,2024-06-05,6,5,16,1,3,1.01
,2024-06-05,10,5,6,1,3,1.31
,2024-06-05,11,6,4,1,3,1.23
,2024-06-05,21,2,21,1,3,1.0
,2024-06-05,25,4,8,1,3,0.97
,2024-06-05,30,5,17,11,3,1.59
,2024-06-06,3,4,11,1,3,2.09
,2024-06-06,8,4,11,1,3,2.31
,2024-06-06,10,5,5,6,3,2.84
,2024-06-06,26,5,5,1,3,2.26
,2024-06-07,1,4,22,1,3,1.37
,2024-06-07,3,4,10,6,3,0.99
,2024-06-07,5,3,23,2,3,1.13
,2024-06-07,7,5,5,1,3,1.18
,2024-06-07,8,4,11,1,3,1.09
,2024-06-07,11,3,23,1,3,1.09
,2024-06-07,13,5,5,1,3,1.26
,2024-06-07,27,6,4,7,3,1.39
,2024-06-08,7,5,3,1,3,1.39
,2024-06-08,9,5,7,7,3,1.85
,2024-06-08,12,5,10,1,3,1.4
,2024-06-08,15,6,4,1,3,1.4
,2024-06-08,24,5,7,1,3,1.72
,2024-06-08,30,5,8,11,3,1.74
,2024-06-11,5,2,16,1,3,1.87
,2024-06-11,7,5,5,1,3,1.65
,2024-06-11,10,5,16,1,3,1.48
,2024-06-11,18,4,11,10,3,1.48
,2024-06-11,19,5,3,10,3,1.62
,2024-06-11,21,2,14,1,3,1.4
,2024-06-12,5,2,20,3,3,2.09
,2024-06-12,12,5,7,1,3,1.41
,2024-06-12,19,5,10,1,3,1.33
,2024-06-12,25,4,19,6,3,1.7
,2024-06-12,27,1,21,1,3,1.44
,2024-06-13,2,3,3,11,3,3.07
,2024-06-13,7,5,5,1,3,2.2
,2024-06-13,19,5,7,1,3,2.15
,2024-06-13,26,5,5,1,3,2.08
,2024-06-14,2,6,4,1,3,1.52
,2024-06-14,17,4,8,10,3,1.41
,2024-06-14,18,4,8,10,3,2.48
,2024-06-14,21,2,20,1,3,1.35
,2024-06-14,22,4,11,1,3,1.5
,2024-06-14,27,2,3,1,3,1.25
,2024-06-15,1,4,19,2,3,0.96
,2024-06-15,3,4,10,11,3,1.67
,2024-06-15,11,2,16,1,3,1.11
,2024-06-15,13,5,9,1,3,1.12
,2024-06-15,19,5,15,1,3,1.26
,2024-06-15,24,5,18,1,3,1.16
,2024-06-15,27,1,23,7,3,0.97
,2024-06-18,8,4,9,1,3,1.62
,2024-06-18,13,5,17,7,3,2.25
,2024-06-18,14,5,6,1,3,1.3
,2024-06-18,18,4,10,1,3,1.55
,2024-06-18,19,5,15,7,3,1.41
,2024-06-18,27,1,23,1,3,1.39
,2024-06-19,14,5,18,1,3,1.38
,2024-06-19,20,4,23,1,3,1.39
,2024-06-19,25,4,10,8,3,2.02
,2024-06-19,26,3,14,1,3,1.14
,2024-06-19,29,2,21,1,3,1.34
,2024-06-19,30,5,3,10,3,2.23
,2024-06-20,19,5,5,1,3,2.05
,2024-06-20,22,4,8,1,3,2.18
,2024-06-20,23,4,23,1,3,1.0
,2024-06-20,26,5,14,5,3,3.01
,2024-06-21,1,4,10,2,3,1.5
,2024-06-21,7,5,3,1,3,1.04
,2024-06-21,13,5,6,1,3,1.21
,2024-06-21,15,6,4,1,3,1.35
,2024-06-21,18,4,8,1,3,1.12
,2024-06-21,22,4,10,1,3,1.38
,2024-06-21,30,5,16,6,3,1.9
,2024-06-22,9,5,8,7,3,1.6
,2024-06-22,14,5,3,1,3,1.67
,2024-06-22,18,4,22,1,3,1.68
,2024-06-22,21,2,1,5,3,1.71
,2024-06-22,24,5,18,1,3,1.35
,2024-06-22,27,1,15,1,3,1.5
,2024-06-25,1,4,22,8,3,3.49
,2024-06-25,9,5,8,7,3,2.0
,2024-06-25,14,5,6,1,3,1.86
,2024-06-25,15,2,1,1,3,2.15
,2024-06-26,7,5,17,1,3,2.05
,2024-06-26,10,5,18,1,3,1.9
,2024-06-26,16,5,14,1,3,2.04
,2024-06-26,26,3,24,3,3,3.51
,2024-06-27,2,2,18,1,3,1.16
,2024-06-27,7,5,14,1,3,1.0
,2024-06-27,14,5,8,1,3,0.91
,2024-06-27,16,5,5,11,3,1.84
,2024-06-27,19,5,10,1,3,0.98
,2024-06-27,21,2,3,5,3,1.33
,2024-06-27,22,4,23,10,3,1.16
,2024-06-27,30,5,5,1,3,1.12
,2024-06-28,2,6,4,1,3,2.1
,2024-06-28,7,5,18,1,3,2.2
,2024-06-28,17,4,11,10,3,2.78
,2024-06-28,30,5,5,1,3,2.42
,2024-06-29,5,3,3,1,3,1.21
,2024-06-29,7,5,3,1,3,1.38
,2024-06-29,8,4,19,1,3,1.28
,2024-06-29,11,1,21,1,3,1.05
,2024-06-29,13,5,18,1,3,1.32
,2024-06-29,24,5,10,2,3,1.88
,2024-06-29,29,2,20,1,3,1.36
,2024-07-02,6,5,18,1,3,1.58
,2024-07-02,8,4,9,1,3,1.91
,2024-07-02,10,5,3,1,3,1.64
,2024-07-02,21,2,20,3,3,2.44
,2024-07-03,4,2,17,1,3,2.3
,2024-07-03,5,2,14,10,3,2.87
,2024-07-03,19,5,5,1,3,2.06
,2024-07-03,21,2,16,1,3,2.26
,2024-07-04,7,5,6,6,3,1.78
,2024-07-04,14,5,18,7,3,1.74
,2024-07-04,16,6,4,1,3,1.0
,2024-07-04,20,4,10,1,3,0.9
,2024-07-04,25,4,8,1,3,1.03
,2024-07-04,26,3,23,1,3,1.09
,2024-07-04,27,1,21,1,3,1.09
,2024-07-04,30,5,10,1,3,0.87
,2024-07-05,4,2,21,1,3,1.48
,2024-07-05,5,1,15,1,3,1.24
,2024-07-05,8,4,9,1,3,1.48
,2024-07-05,18,4,11,1,3,1.37
,2024-07-05,20,4,11,1,3,1.39
,2024-07-05,25,4,23,1,3,1.49
,2024-07-05,30,5,18,5,3,1.05
,2024-07-06,2,3,14,1,3,2.24
,2024-07-06,8,4,22,1,3,2.15
,2024-07-06,14,5,16,7,3,3.1
,2024-07-06,21,2,21,1,3,2.01
,2024-07-09,5,2,20,1,3,1.03
,2024-07-09,12,5,6,1,3,1.01
,2024-07-09,15,6,4,1,3,1.11
,2024-07-09,21,2,21,1,3,0.92
,2024-07-09,22,4,11,1,3,1.08
,2024-07-09,24,5,5,3,3,1.79
,2024-07-09,26,3,9,1,3,0.99
,2024-07-09,27,1,21,3,3,1.57
,2024-07-10,25,4,11,1,3,2.03
,2024-07-10,29,2,18,7,3,3.22
,2024-07-10,30,5,10,1,3,1.95
,2024-07-11,4,6,4,11,3,2.5
,2024-07-11,13,5,5,1,3,1.42
,2024-07-11,16,6,4,1,3,1.31
,2024-07-11,20,4,8,6,3,1.5
,2024-07-11,24,5,17,1,3,1.39
,2024-07-11,25,4,19,1,3,1.37
,2024-07-12,1,4,23,2,3,1.95
,2024-07-12,11,1,15,1,3,1.49
,2024-07-12,12,5,18,1,3,1.61
,2024-07-12,15,2,3,1,3,1.61
,2024-07-12,18,4,10,1,3,1.21
,2024-07-12,30,5,15,2,3,1.62
,2024-07-13,6,5,17,1,3,1.67
,2024-07-13,8,4,19,1,3,1.28
,2024-07-13,9,5,9,7,3,1.66
,2024-07-13,14,5,8,1,3,1.63
,2024-07-13,23,4,23,1,3,0.5
,2024-07-13,30,5,8,5,3,1.56
,2024-07-16,9,5,6,7,3,2.59
,2024-07-16,20,4,2,1,3,1.97
,2024-07-16,23,4,22,1,3,0.5
,2024-07-16,25,4,22,1,3,1.82
,2024-07-17,3,4,13,8,3,1.17
,2024-07-17,5,2,17,1,3,1.06
,2024-07-17,8,4,22,6,3,1.39
,2024-07-17,10,5,10,1,3,1.12
,2024-07-17,14,5,18,1,3,1.26
,2024-07-17,25,4,2,1,3,1.29
,2024-07-17,29,2,18,1,3,1.12
,2024-07-17,30,5,17,1,3,1.09
,2024-07-18,2,3,3,1,3,1.26
,2024-07-18,6,5,9,1,3,1.31
,2024-07-18,7,5,15,2,3,1.75
,2024-07-18,10,5,5,1,3,1.11
,2024-07-18,12,5,9,10,3,1.78
,2024-07-18,22,4,8,1,3,1.09
,2024-07-18,26,3,15,1,3,1.19
,2024-07-19,4,1,21,1,3,1.43
,2024-07-19,6,5,5,1,3,1.42
,2024-07-19,10,5,6,1,3,1.51
,2024-07-19,27,1,1,3,3,2.43
,2024-07-19,29,2,14,1,3,1.46
,2024-07-20,6,5,17,1,3,1.34
,2024-07-20,14,5,9,1,3,1.49
,2024-07-20,18,4,19,7,3,2.34
,2024-07-20,25,4,8,1,3,1.64
,2024-07-20,26,3,8,1,3,1.32
,2024-07-20,30,5,17,1,3,1.36
,2024-07-23,5,1,23,1,3,1.1
,2024-07-23,6,5,7,1,3,1.16
,2024-07-23,9,5,10,7,3,1.12
,2024-07-23,12,5,9,1,3,1.19
,2024-07-23,14,5,7,5,3,1.53
,2024-07-23,19,3,15,1,3,0.95
,2024-07-23,23,4,23,8,3,0.3
,2024-07-23,24,5,9,1,3,1.02
,2024-07-24,3,4,19,3,3,2.06
,2024-07-24,5,2,1,1,3,1.56
,2024-07-24,9,5,10,7,3,1.37
,2024-07-24,15,2,14,11,3,1.33
,2024-07-24,20,4,19,1,3,1.54
,2024-07-24,30,5,10,1,3,1.65
,2024-07-25,4,1,23,11,3,0.86
,2024-07-25,10,5,8,1,3,1.09
,2024-07-25,13,5,5,3,3,1.79
,2024-07-25,14,5,5,1,3,1.14
,2024-07-25,16,6,4,1,3,1.08
,2024-07-25,18,4,19,1,3,1.1
,2024-07-25,21,2,21,6,3,1.43
,2024-07-25,27,3,14,1,3,1.02
,2024-07-26,4,2,3,1,3,1.23
,2024-07-26,7,5,16,1,3,1.09
,2024-07-26,8,4,2,1,3,1.03
,2024-07-26,9,5,15,7,3,2.06
,2024-07-26,20,4,23,1,3,0.98
,2024-07-26,21,2,15,1,3,1.05
,2024-07-26,30,5,7,7,3,2.07
,2024-07-27,19,3,10,1,3,2.58
,2024-07-27,25,4,8,6,3,2.51
,2024-07-27,30,5,6,1,3,2.32
,2024-07-30,6,5,3,1,3,1.03
,2024-07-30,9,5,16,7,3,1.52
,2024-07-30,10,5,9,1,3,1.03
,2024-07-30,23,4,2,1,3,1.07
,2024-07-30,25,4,22,1,3,0.9
,2024-07-30,27,3,15,3,3,1.68
,2024-07-30,29,2,18,7,3,1.29
,2024-07-30,30,5,3,1,3,0.99
,2024-07-31,2,2,16,1,3,2.4
,2024-07-31,10,5,16,1,3,1.88
,2024-07-31,14,5,8,1,3,2.42
,2024-07-31,24,5,15,6,3,2.8
,2024-08-01,12,5,9,2,3,2.68
,2024-08-01,18,4,9,1,3,1.96
,2024-08-01,27,2,1,1,3,2.23
,2024-08-02,5,2,20,1,3,1.51
,2024-08-02,13,5,14,1,3,1.28
,2024-08-02,15,2,14,1,3,1.21
,2024-08-02,16,5,6,11,3,1.58
,2024-08-02,18,4,13,1,3,1.25
,2024-08-02,21,2,14,2,3,1.41
,2024-08-03,8,4,2,1,3,1.45
,2024-08-03,18,4,22,1,3,1.44
,2024-08-03,20,4,23,1,3,1.27
,2024-08-03,23,4,11,11,3,1.26
,2024-08-03,24,5,14,1,3,1.5
,2024-08-03,26,3,2,1,3,1.25
,2024-08-03,29,2,15,6,3,1.34
,2024-08-06,2,2,1,1,3,2.53
,2024-08-06,3,4,9,1,3,2.19
,2024-08-06,22,4,11,1,3,2.65
,2024-08-06,23,4,8,11,3,1.1
,2024-08-07,3,4,11,8,3,2.97
,2024-08-07,12,5,18,1,3,2.23
,2024-08-07,17,4,19,1,3,2.27
,2024-08-07,29,2,17,1,3,2.03
,2024-08-08,3,4,13,1,3,1.28
,2024-08-08,4,6,4,1,3,1.31
,2024-08-08,6,5,3,11,3,1.15
,2024-08-08,17,4,8,1,3,1.25
,2024-08-08,20,4,22,7,3,2.0
,2024-08-08,23,4,9,1,3,1.2
,2024-08-08,26,5,17,1,3,1.35
,2024-08-09,1,4,13,2,3,2.86
,2024-08-09,8,4,9,1,3,1.71
,2024-08-09,22,4,11,1,3,1.61
,2024-08-09,25,4,10,1,3,1.79
,2024-08-10,3,4,9,5,3,2.49
,2024-08-10,11,1,15,1,3,1.77
,2024-08-10,17,4,22,1,3,1.62
,2024-08-10,20,4,2,1,3,1.62
,2024-08-10,24,5,15,6,3,2.0
,2024-08-13,3,4,22,1,3,1.41
,2024-08-13,5,2,14,1,3,1.56
,2024-08-13,15,2,16,1,3,1.21
,2024-08-13,16,5,6,1,3,1.24
,2024-08-13,20,4,10,1,3,1.21
,2024-08-13,23,4,19,1,3,1.4
,2024-08-13,25,4,19,1,3,1.33
,2024-08-14,2,6,4,10,3,2.65
,2024-08-14,7,5,18,1,3,1.47
,2024-08-14,10,5,10,1,3,1.55
,2024-08-14,11,1,23,6,3,2.31
,2024-08-14,16,5,6,1,3,1.52
,2024-08-15,3,4,19,1,3,1.24
,2024-08-15,5,6,4,1,3,1.11
,2024-08-15,14,5,17,11,3,1.2
,2024-08-15,15,1,1,1,3,0.99
,2024-08-15,18,4,13,3,3,1.68
,2024-08-15,21,2,3,10,3,1.31
,2024-08-15,26,3,9,1,3,0.91
,2024-08-15,29,2,16,1,3,1.08
,2024-08-16,1,4,19,1,3,2.06
,2024-08-16,18,4,9,1,3,2.08
,2024-08-16,22,4,9,6,3,3.46
,2024-08-16,25,4,10,1,3,1.9
,2024-08-17,8,4,23,1,3,1.69
,2024-08-17,12,5,14,1,3,2.13
,2024-08-17,13,5,10,1,3,1.88
,2024-08-17,17,4,10,6,3,1.59
,2024-08-20,5,6,4,1,3,1.13
,2024-08-20,8,4,23,10,3,1.24
,2024-08-20,15,6,4,1,3,1.1
,2024-08-20,16,5,10,1,3,1.28
,2024-08-20,19,3,23,10,3,0.99
,2024-08-20,20,4,22,1,3,1.11
,2024-08-20,21,2,15,5,3,1.4
,2024-08-21,1,4,11,1,3,1.33
,2024-08-21,10,5,9,10,3,2.3
,2024-08-21,15,1,23,1,3,1.4
,2024-08-21,22,4,11,1,3,1.45
,2024-08-21,27,2,1,1,3,1.49
,2024-08-21,30,5,18,1,3,1.54
,2024-08-22,3,4,11,1,3,0.88
,2024-08-22,4,2,21,1,3,0.88
,2024-08-22,10,5,10,1,3,1.04
,2024-08-22,11,1,1,1,3,1.09
,2024-08-22,14,5,15,11,3,1.73
,2024-08-22,16,6,4,1,3,0.89
,2024-08-22,21,2,21,11,3,1.84
,2024-08-22,24,5,10,3,3,1.16
,2024-08-23,3,4,13,1,3,1.32
,2024-08-23,5,1,23,6,3,1.41
,2024-08-23,11,6,4,1,3,1.12
,2024-08-23,16,5,14,1,3,1.18
,2024-08-23,17,4,11,3,3,1.62
,2024-08-23,18,4,22,1,3,1.38
,2024-08-23,23,4,23,1,3,1.0
,2024-08-24,2,6,4,1,3,1.04
,2024-08-24,4,6,4,6,3,1.26
,2024-08-24,6,5,9,1,3,1.07
,2024-08-24,9,5,16,7,3,1.26
,2024-08-24,10,5,10,1,3,1.25
,2024-08-24,11,3,10,6,3,1.06
,2024-08-24,12,5,5,2,3,1.28
,2024-08-24,17,4,22,1,3,1.28
,2024-08-27,2,3,3,1,3,1.38
,2024-08-27,5,1,20,1,3,1.4
,2024-08-27,10,5,9,1,3,1.44
,2024-08-27,11,3,23,1,3,1.56
,2024-08-27,25,4,10,3,3,2.2
,2024-08-28,6,5,18,1,3,1.14
,2024-08-28,12,5,16,3,3,1.15
,2024-08-28,14,5,5,1,3,0.98
,2024-08-28,15,2,17,1,3,1.11
,2024-08-28,20,4,2,1,3,1.14
,2024-08-28,21,2,1,8,3,1.72
,2024-08-28,22,4,23,1,3,1.26
,2024-08-28,25,4,10,1,3,1.0
,2024-08-29,2,3,3,1,3,1.38
,2024-08-29,7,5,16,1,3,1.42
,2024-08-29,17,4,2,1,3,1.55
,2024-08-29,22,4,23,10,3,2.32
,2024-08-29,26,3,8,2,3,1.46
,2024-08-29,30,5,14,1,3,1.38
,2024-08-30,3,4,13,5,3,1.15
,2024-08-30,6,5,3,11,3,1.72
,2024-08-30,11,1,23,1,3,1.1
,2024-08-30,12,5,5,7,3,1.47
,2024-08-30,13,5,9,1,3,1.12
,2024-08-30,19,3,8,1,3,0.94
,2024-08-30,24,5,7,1,3,1.0
,2024-08-30,29,2,18,1,3,0.99
,2024-08-31,3,4,10,1,3,1.44
,2024-08-31,8,4,13,1,3,1.53
,2024-08-31,12,5,10,1,3,1.6
,2024-08-31,15,3,2,1,3,1.91
,2024-08-31,24,5,6,1,3,1.65
,2024-09-03,13,5,18,3,4,1.23
,2024-09-03,14,5,7,1,4,1.09
,2024-09-03,17,4,8,1,4,1.07
,2024-09-03,18,4,23,6,4,1.78
,2024-09-03,19,5,6,3,4,1.25
,2024-09-03,20,4,8,1,4,1.06
,2024-09-03,22,4,11,1,4,1.11
,2024-09-03,26,3,8,1,4,0.9
,2024-09-04,4,1,23,1,4,1.85
,2024-09-04,7,5,6,2,4,1.9
,2024-09-04,17,4,19,1,4,1.44
,2024-09-04,21,2,16,1,4,1.61
,2024-09-04,27,2,18,3,4,2.7
,2024-09-05,5,1,1,1,4,1.37
,2024-09-05,9,5,17,6,4,1.4
,2024-09-05,12,5,15,3,4,2.41
,2024-09-05,13,5,7,1,4,1.4
,2024-09-05,19,3,24,2,4,1.47
,2024-09-05,21,2,3,1,4,1.45
,2024-09-06,5,1,15,1,4,2.75
,2024-09-06,7,5,16,1,4,2.17
,2024-09-06,11,6,4,8,4,2.43
,2024-09-06,14,5,5,1,4,2.15
,2024-09-07,2,3,9,1,4,0.84
,2024-09-07,6,5,8,1,4,0.99
,2024-09-07,11,6,4,8,4,1.36
,2024-09-07,13,5,17,1,4,0.94
,2024-09-07,15,2,14,1,4,1.14
,2024-09-07,19,3,15,6,4,1.76
,2024-09-07,20,4,19,7,4,1.46
,2024-09-07,26,5,18,1,4,1.01
,2024-09-10,2,3,23,1,4,1.53
,2024-09-10,21,2,3,7,4,2.29
,2024-09-10,22,4,8,3,4,2.28
,2024-09-10,23,4,10,1,4,1.0
,2024-09-10,29,2,3,1,4,1.79
,2024-09-11,2,6,4,1,4,1.65
,2024-09-11,6,5,7,1,4,1.77
,2024-09-11,19,5,15,3,4,2.9
,2024-09-11,21,2,3,10,4,1.64
,2024-09-11,27,1,21,1,4,1.53
,2024-09-12,6,5,15,1,4,1.28
,2024-09-12,8,4,11,10,4,2.04
,2024-09-12,10,5,9,1,4,1.25
,2024-09-12,11,2,14,1,4,1.03
,2024-09-12,17,4,9,1,4,1.07
,2024-09-12,25,4,22,1,4,1.24
,2024-09-13,3,4,2,5,4,2.37
,2024-09-13,5,2,15,1,4,1.54
,2024-09-13,19,3,9,1,4,1.69
,2024-09-13,22,4,9,7,4,2.37
,2024-09-14,8,4,11,3,4,3.47
,2024-09-14,12,5,18,1,4,2.4
,2024-09-14,19,5,9,1,4,1.82
,2024-09-14,29,2,16,1,4,1.81
,2024-09-17,6,5,5,2,4,3.25
,2024-09-17,7,5,14,1,4,3.11
,2024-09-17,24,5,8,1,4,3.14
,2024-09-18,7,5,8,1,4,2.06
,2024-09-18,12,5,5,1,4,2.13
,2024-09-18,14,5,9,5,4,3.15
,2024-09-18,27,1,23,1,4,2.16
,2024-09-19,2,6,4,6,4,2.8
,2024-09-19,7,5,9,1,4,1.63
,2024-09-19,16,5,5,1,4,1.4
,2024-09-19,21,2,20,2,4,2.28
,2024-09-19,30,5,3,1,4,1.39
,2024-09-20,4,2,14,1,4,1.26
,2024-09-20,8,4,11,6,4,1.82
,2024-09-20,12,5,3,1,4,1.15
,2024-09-20,17,4,10,3,4,1.54
,2024-09-20,19,3,14,1,4,1.12
,2024-09-20,29,2,3,1,4,1.29
,2024-09-20,30,5,15,1,4,1.32
,2024-09-21,4,6,4,1,4,1.19
,2024-09-21,10,5,17,6,4,1.69
,2024-09-21,11,3,23,1,4,1.1
,2024-09-21,19,3,2,5,4,0.99
,2024-09-21,20,4,2,10,4,1.47
,2024-09-21,22,4,19,1,4,0.92
,2024-09-21,25,4,19,1,4,1.13
,2024-09-24,10,5,8,3,4,2.0
,2024-09-24,17,4,13,1,4,2.14
,2024-09-24,20,4,2,1,4,2.56
,2024-09-24,25,4,22,1,4,2.8
,2024-09-25,7,5,7,1,4,0.92
,2024-09-25,9,5,8,6,4,1.08
,2024-09-25,14,5,8,1,4,1.07
,2024-09-25,15,1,1,3,4,1.43
,2024-09-25,18,4,23,1,4,1.01
,2024-09-25,23,4,8,1,4,1.05
,2024-09-25,25,4,19,6,4,1.13
,2024-09-25,29,2,21,2,4,1.81
,2024-09-26,2,2,17,1,4,2.2
,2024-09-26,24,5,18,1,4,2.7
,2024-09-26,29,2,14,1,4,2.14
,2024-09-27,3,4,9,7,4,2.82
,2024-09-27,4,1,20,1,4,2.23
,2024-09-27,6,5,8,1,4,2.17
,2024-09-27,30,5,3,1,4,2.28
,2024-09-28,8,4,22,1,4,1.44
,2024-09-28,13,5,18,1,4,1.47
,2024-09-28,16,6,4,1,4,1.23
,2024-09-28,18,4,10,8,4,1.68
,2024-09-28,23,4,10,1,4,1.3
,2024-09-28,29,2,3,10,4,2.37
,2024-10-01,2,6,4,6,4,1.14
,2024-10-01,6,5,3,3,4,1.14
,2024-10-01,9,5,9,6,4,1.14
,2024-10-01,21,2,16,7,4,1.14
,2024-10-01,22,4,9,3,4,1.14
,2024-10-01,23,4,23,9,4,1.14
,2024-10-01,30,5,14,3,4,1.14
,2024-10-02,2,3,9,11,4,1.14
,2024-10-02,3,4,8,10,4,1.14
,2024-10-02,12,5,15,10,4,1.14
,2024-10-02,13,5,7,10,4,1.14
,2024-10-02,19,3,10,10,4,1.14
,2024-10-02,27,2,20,1,4,1.14
,2024-10-02,30,5,18,5,4,1.14
,2024-10-03,10,5,8,3,4,1.5
,2024-10-03,11,1,1,7,4,1.5
,2024-10-03,13,5,7,3,4,1.5
,2024-10-03,14,5,9,1,4,1.5
,2024-10-03,15,1,1,6,4,1.5
,2024-10-03,18,4,13,8,4,1.5
,2024-10-03,27,1,23,3,4,-1.0
,2024-10-04,5,1,15,6,4,1.14
,2024-10-04,10,5,18,6,4,1.14
,2024-10-04,11,1,23,8,4,1.14
,2024-10-04,13,5,18,2,4,1.14
,2024-10-04,16,5,3,3,4,1.14
,2024-10-04,18,4,19,7,4,1.14
,2024-10-04,29,2,1,11,4,1.14
,2024-10-05,6,5,9,3,4,1.5
,2024-10-05,9,5,6,6,4,1.5
,2024-10-05,11,3,10,6,4,1.5
,2024-10-05,16,5,8,6,4,1.5
,2024-10-05,21,2,20,11,4,-1.0
,2024-10-05,25,4,19,7,4,1.5
,2024-10-05,29,2,1,10,4,1.5
,2024-10-08,4,1,1,1,4,1.33
,2024-10-08,9,5,9,6,4,1.33
,2024-10-08,10,5,9,2,4,1.33
,2024-10-08,12,5,9,7,4,1.33
,2024-10-08,16,5,14,1,4,1.33
,2024-10-08,21,2,17,2,4,1.33
,2024-10-09,1,4,8,2,4,1.76
,2024-10-09,17,4,2,1,4,1.75
,2024-10-09,24,5,10,3,4,1.5
,2024-10-09,25,4,11,6,4,2.99
,2024-10-10,1,4,2,8,4,1.0
,2024-10-10,3,4,11,11,4,1.0
,2024-10-10,5,6,4,6,4,1.0
,2024-10-10,10,5,3,10,4,1.0
,2024-10-10,14,5,14,7,4,1.0
,2024-10-10,17,4,22,10,4,1.0
,2024-10-10,26,5,17,3,4,1.0
,2024-10-10,30,5,15,2,4,1.0
,2024-10-11,7,5,14,6,4,1.5
,2024-10-11,16,5,3,10,4,0.5
,2024-10-11,18,4,9,6,4,1.5
,2024-10-11,22,4,2,6,4,1.5
,2024-10-11,25,4,19,8,4,1.5
,2024-10-11,29,2,14,3,4,1.5
,2024-10-12,1,4,2,11,4,1.17
,2024-10-12,6,5,17,10,4,1.17
,2024-10-12,10,5,15,3,4,1.5
,2024-10-12,15,6,4,1,4,1.5
,2024-10-12,16,5,5,11,4,1.17
,2024-10-12,26,3,10,6,4,1.5
,2024-10-15,3,4,11,6,4,1.5
,2024-10-15,4,2,17,3,4,0.5
,2024-10-15,13,5,5,7,4,1.5
,2024-10-15,18,4,23,1,4,1.5
,2024-10-15,21,2,3,5,4,1.5
,2024-10-15,29,2,15,2,4,1.5
,2024-10-16,3,4,11,7,4,0.5
,2024-10-16,6,5,9,7,4,1.5
,2024-10-16,19,3,15,7,4,1.5
,2024-10-16,20,4,13,1,4,1.5
,2024-10-16,25,4,22,7,4,1.5
,2024-10-16,27,3,23,6,4,1.5
,2024-10-17,4,2,15,11,4,1.0
,2024-10-17,9,5,10,6,4,1.5
,2024-10-17,12,5,18,2,4,1.5
,2024-10-17,16,5,17,7,4,1.5
,2024-10-17,20,4,23,10,4,1.0
,2024-10-17,21,2,21,2,4,1.5
,2024-10-18,2,2,16,3,4,2.26
,2024-10-18,9,5,7,6,4,1.5
,2024-10-18,14,5,6,3,4,2.2
,2024-10-18,16,6,4,5,4,2.05
,2024-10-19,1,4,19,11,4,-1.0
,2024-10-19,3,4,8,1,4,1.5
,2024-10-19,7,5,8,10,4,1.5
,2024-10-19,10,5,17,1,4,1.5
,2024-10-19,11,6,4,6,4,1.5
,2024-10-19,13,5,8,3,4,1.5
,2024-10-19,14,5,6,10,4,1.5
,2024-10-22,8,4,22,1,4,1.5
,2024-10-22,20,4,23,10,4,1.62
,2024-10-22,23,4,23,9,4,2.0
,2024-10-22,24,5,9,6,4,1.5
,2024-10-22,25,4,11,10,4,1.84
,2024-10-23,1,4,23,2,4,1.0
,2024-10-23,2,3,10,5,4,1.0
,2024-10-23,3,4,9,8,4,1.0
,2024-10-23,10,5,17,1,4,1.0
,2024-10-23,11,1,1,6,4,1.0
,2024-10-23,14,5,18,11,4,1.0
,2024-10-23,15,3,15,11,4,1.0
,2024-10-23,22,4,11,3,4,1.0
,2024-10-24,10,5,17,6,4,1.17
,2024-10-24,11,1,21,6,4,1.17
,2024-10-24,16,5,16,1,4,1.5
,2024-10-24,22,4,22,3,4,1.5
,2024-10-24,23,4,13,8,4,2.3
,2024-10-25,2,3,8,1,4,1.5
,2024-10-25,3,4,11,11,4,1.0
,2024-10-25,10,5,18,3,4,1.5
,2024-10-25,12,5,6,7,4,1.5
,2024-10-25,17,4,11,8,4,1.0
,2024-10-25,25,4,8,6,4,1.5
,2024-10-26,4,1,1,3,4,1.0
,2024-10-26,11,1,15,5,4,1.0
,2024-10-26,15,1,23,6,4,1.0
,2024-10-26,18,4,22,3,4,1.0
,2024-10-26,19,3,24,11,4,1.0
,2024-10-26,27,2,15,5,4,1.0
,2024-10-26,30,5,9,3,4,1.0
,2024-10-29,1,4,19,11,4,2.17
,2024-10-29,3,4,8,7,4,1.94
,2024-10-29,18,4,19,8,4,1.5
,2024-10-29,27,1,23,10,4,2.39
,2024-10-30,4,1,15,5,4,1.5
,2024-10-30,5,1,15,10,4,0.25
,2024-10-30,12,5,15,1,4,1.5
,2024-10-30,13,5,7,2,4,1.5
,2024-10-30,21,2,1,8,4,1.5
,2024-10-30,24,5,10,3,4,1.5
,2024-10-30,30,5,18,10,4,0.25
,2024-10-31,2,2,21,11,4,2.06
,2024-10-31,12,5,17,10,4,2.46
,2024-10-31,25,4,13,10,4,1.98
,2024-10-31,27,2,15,1,4,1.5
,2024-11-01,2,6,4,2,4,1.5
,2024-11-01,8,4,23,7,4,1.5
,2024-11-01,12,5,9,3,4,1.5
,2024-11-01,14,5,8,6,4,1.5
,2024-11-01,19,5,6,11,4,0.5
,2024-11-01,29,2,14,5,4,1.5
,2024-11-01,9,5,10,4,4,4.0
,2024-11-02,5,3,3,3,4,2.73
,2024-11-02,7,5,18,2,4,2.12
,2024-11-02,16,6,4,1,4,1.65
,2024-11-02,25,4,2,6,4,1.5
,2024-11-05,1,4,11,10,4,1.0
,2024-11-05,2,3,9,7,4,1.5
,2024-11-05,8,4,2,3,4,1.5
,2024-11-05,9,5,8,6,4,1.0
,2024-11-05,14,5,18,3,4,1.5
,2024-11-05,15,2,15,2,4,1.5
,2024-11-06,3,4,23,7,4,1.5
,2024-11-06,7,5,7,2,4,1.5
,2024-11-06,8,4,22,1,4,1.5
,2024-11-06,13,5,9,3,4,1.5
,2024-11-06,21,2,16,3,4,1.5
,2024-11-06,26,3,3,3,4,-2.5
,2024-11-06,27,2,15,7,4,1.5
,2024-11-06,29,2,21,8,4,1.5
,2024-11-07,12,5,14,3,4,1.14
,2024-11-07,15,3,24,5,4,1.14
,2024-11-07,20,4,8,6,4,1.14
,2024-11-07,21,2,17,2,4,1.14
,2024-11-07,24,5,8,2,4,1.14
,2024-11-07,26,3,9,5,4,1.14
,2024-11-07,29,2,21,3,4,1.14
,2024-11-08,1,4,11,11,4,1.0
,2024-11-08,8,4,9,7,4,1.0
,2024-11-08,9,5,14,6,4,1.0
,2024-11-08,10,5,14,10,4,1.0
,2024-11-08,16,6,4,6,4,1.0
,2024-11-08,18,4,23,1,4,1.0
,2024-11-08,29,2,20,5,4,1.0
,2024-11-09,2,2,21,2,4,1.5
,2024-11-09,11,1,15,11,4,0.25
,2024-11-09,15,2,15,2,4,1.5
,2024-11-09,16,5,3,11,4,0.25
,2024-11-09,19,5,8,10,4,1.5
,2024-11-09,23,4,11,9,4,3.5
,2024-11-09,26,5,14,3,4,1.5
,2024-11-12,6,5,7,3,4,1.5
,2024-11-12,9,5,18,4,4,1.0
,2024-11-12,16,5,18,10,4,1.5
,2024-11-12,17,4,19,10,4,1.0
,2024-11-12,21,2,18,10,4,1.5
,2024-11-12,29,2,1,1,4,1.5
,2024-11-13,8,4,13,11,4,0.5
,2024-11-13,16,6,4,6,4,1.5
,2024-11-13,18,4,10,3,4,1.5
,2024-11-13,26,3,14,1,4,1.5
,2024-11-13,29,2,18,1,4,1.5
,2024-11-13,30,5,18,2,4,1.5
,2024-11-14,7,5,8,2,4,1.5
,2024-11-14,8,4,8,11,4,1.5
,2024-11-14,10,5,14,1,4,1.5
,2024-11-14,11,2,15,10,4,1.5
,2024-11-14,30,5,10,2,4,1.5
,2024-11-15,2,2,3,10,4,1.5
,2024-11-15,5,1,1,10,4,1.5
,2024-11-15,9,5,16,4,4,1.5
,2024-11-15,15,6,4,10,4,1.5
,2024-11-15,19,3,9,1,4,1.5
,2024-11-15,22,4,11,1,4,1.5
,2024-11-15,9,5,10,4,4,4.0
,2024-11-16,2,3,9,11,4,1.0
,2024-11-16,4,1,15,10,4,1.0
,2024-11-16,11,2,20,3,4,1.5
,2024-11-16,16,5,14,7,4,1.5
,2024-11-16,24,5,9,7,4,1.5
,2024-11-19,6,5,8,2,4,1.5
,2024-11-19,18,4,23,6,4,1.5
,2024-11-19,21,2,17,8,4,1.5
,2024-11-19,24,5,8,2,4,1.5
,2024-11-19,30,5,6,10,4,2.0
,2024-11-20,3,4,23,5,4,1.55
,2024-11-20,18,4,23,7,4,1.55
,2024-11-20,20,4,9,1,4,1.5
,2024-11-20,25,4,13,3,4,1.5
,2024-11-21,6,5,16,7,4,1.5
,2024-11-21,14,5,5,2,4,1.5
,2024-11-21,19,5,17,3,4,1.5
,2024-11-21,21,2,20,3,4,1.0
,2024-11-21,22,4,11,7,4,1.0
,2024-11-21,27,3,23,7,4,1.5
,2024-11-22,3,4,8,8,4,1.81
,2024-11-22,4,1,15,11,4,1.95
,2024-11-22,15,1,23,10,4,2.74
,2024-11-22,27,1,15,1,4,1.5
,2024-11-23,2,3,15,5,4,1.5
,2024-11-23,7,5,6,10,4,1.5
,2024-11-23,15,3,2,10,4,-2.5
,2024-11-23,19,3,2,2,4,1.5
,2024-11-23,21,2,17,1,4,1.5
,2024-11-23,23,4,19,9,4,3.7
,2024-11-23,25,4,8,7,4,1.5
,2024-11-23,27,3,3,6,4,1.5
,2024-11-26,6,5,7,2,4,1.45
,2024-11-26,17,4,13,7,4,1.5
,2024-11-26,18,4,10,10,4,2.05
,2024-11-26,20,4,10,7,4,1.5
,2024-11-26,21,2,21,1,4,1.5
,2024-11-27,1,4,23,2,4,1.5
,2024-11-27,5,1,1,3,4,0.25
,2024-11-27,6,5,5,6,4,1.5
,2024-11-27,10,5,3,11,4,0.25
,2024-11-27,15,6,4,3,4,1.5
,2024-11-27,22,4,13,6,4,1.5
,2024-11-27,27,6,4,2,4,1.5
,2024-11-28,2,6,4,6,4,1.25
,2024-11-28,3,4,23,11,4,1.25
,2024-11-28,7,5,16,2,4,1.5
,2024-11-28,10,5,18,3,4,1.25
,2024-11-28,24,5,7,7,4,1.5
,2024-11-28,25,4,10,10,4,1.25
,2024-11-29,2,3,24,3,4,1.5
,2024-11-29,6,5,18,10,4,1.5
,2024-11-29,14,5,15,1,4,1.5
,2024-11-29,19,5,6,11,4,-1.0
,2024-11-29,22,4,23,3,4,1.5
,2024-11-29,27,3,8,7,4,1.5
,2024-11-29,29,2,21,10,4,1.5
,2024-11-29,9,5,3,4,4,4.0
,2024-11-30,1,4,9,10,4,1.5
,2024-11-30,4,6,4,11,4,1.72
,2024-11-30,7,5,14,3,4,1.5
,2024-11-30,17,4,2,10,4,1.56
,2024-11-30,27,3,8,10,4,1.72
,2024-12-03,1,4,23,8,1,1.5
,2024-12-03,13,5,8,10,1,-2.5
,2024-12-03,14,5,5,5,1,1.5
,2024-12-03,15,2,21,5,1,1.5
,2024-12-03,16,5,9,5,1,1.5
,2024-12-03,17,4,13,1,1,1.5
,2024-12-03,20,4,2,1,1,1.5
,2024-12-03,29,2,14,11,1,1.5
,2024-12-04,4,6,4,11,1,1.72
,2024-12-04,7,5,15,5,1,1.5
,2024-12-04,14,5,10,5,1,1.51
,2024-12-04,19,3,8,5,1,1.5
,2024-12-04,23,4,22,9,1,3.0
,2024-12-05,2,3,24,10,1,-1.0
,2024-12-05,3,4,23,1,1,1.5
,2024-12-05,9,5,8,5,1,1.5
,2024-12-05,11,3,24,7,1,1.5
,2024-12-05,13,5,3,1,1,1.5
,2024-12-05,15,6,4,1,1,1.5
,2024-12-05,22,4,9,7,1,1.5
,2024-12-06,1,4,22,10,1,1.5
,2024-12-06,5,2,21,6,1,1.5
,2024-12-06,9,5,18,4,1,2.5
,2024-12-06,11,6,4,5,1,1.5
,2024-12-06,13,5,6,5,1,1.5
,2024-12-06,17,4,19,10,1,-1.0
,2024-12-06,26,5,9,5,1,1.5
,2024-12-07,1,4,2,8,1,1.5
,2024-12-07,4,1,1,5,1,1.0
,2024-12-07,12,5,9,5,1,1.0
,2024-12-07,14,5,3,6,1,1.5
,2024-12-07,19,5,17,7,1,1.5
,2024-12-07,21,2,3,5,1,1.5
,2024-12-10,10,5,17,7,1,1.0
,2024-12-10,21,2,21,8,1,1.5
,2024-12-10,24,5,8,5,1,1.5
,2024-12-10,25,4,11,7,1,1.5
,2024-12-10,26,3,8,5,1,1.5
,2024-12-11,5,1,23,10,1,1.0
,2024-12-11,7,5,18,7,1,1.0
,2024-12-11,12,5,15,10,1,1.0
,2024-12-11,13,5,6,5,1,1.0
,2024-12-11,14,5,7,5,1,1.0
,2024-12-11,17,4,19,8,1,1.0
,2024-12-11,18,4,19,8,1,1.0
,2024-12-11,30,5,16,5,1,1.0
,2024-12-12,7,5,15,10,1,2.92
,2024-12-12,13,5,16,5,1,1.59
,2024-12-12,26,5,18,5,1,1.62
,2024-12-12,27,1,1,5,1,1.87
,2024-12-13,3,4,11,7,1,1.5
,2024-12-13,11,6,4,10,1,0.5
,2024-12-13,18,4,23,1,1,1.5
,2024-12-13,21,2,15,5,1,1.5
,2024-12-13,23,4,2,8,1,1.5
,2024-12-13,25,4,9,7,1,1.5
,2024-12-13,9,5,10,4,1,4.0
,2024-12-14,3,4,2,5,1,1.61
,2024-12-14,5,3,2,5,1,1.5
,2024-12-14,8,4,19,6,1,1.72
,2024-12-14,16,5,10,6,1,1.68
,2024-12-14,24,5,3,5,1,1.5
,2024-12-17,5,1,15,6,1,1.5
,2024-12-17,17,4,22,10,1,1.0
,2024-12-17,22,4,13,5,1,1.5
,2024-12-17,23,4,19,9,1,3.5
,2024-12-17,24,5,15,5,1,1.5
,2024-12-17,27,3,8,10,1,1.0
,2024-12-18,1,4,9,1,1,1.0
,2024-12-18,2,6,4,10,1,1.0
,2024-12-18,5,2,1,5,1,1.0
,2024-12-18,7,5,5,7,1,1.0
,2024-12-18,8,4,2,1,1,1.0
,2024-12-18,23,4,2,9,1,4.5
,2024-12-18,24,5,17,5,1,1.0
,2024-12-18,27,6,4,10,1,1.0
,2024-12-19,1,4,2,5,1,1.5
,2024-12-19,6,5,15,7,1,1.5
,2024-12-19,11,2,18,10,1,2.94
,2024-12-19,16,5,15,5,1,2.06
,2024-12-19,28,5,8,4,1,3.34
,2024-12-20,5,6,4,6,1,1.5
,2024-12-20,6,5,15,7,1,1.5
,2024-12-20,7,5,10,6,1,1.5
,2024-12-20,10,5,18,11,1,-2.5
,2024-12-20,13,5,8,7,1,1.5
,2024-12-20,19,3,15,7,1,1.5
,2024-12-20,22,4,9,7,1,1.5
,2024-12-20,28,5,5,4,1,3.8
,2024-12-21,1,4,23,11,1,1.98
,2024-12-21,9,5,3,4,1,3.0
,2024-12-21,18,4,2,5,1,1.5
,2024-12-21,9,5,3,4,1,3.0
,2024-12-21,28,5,3,4,1,3.38
,2024-12-24,6,5,3,2,1,1.5
,2024-12-24,10,5,10,11,1,1.5
,2024-12-24,16,5,14,1,1,1.5
,2024-12-24,17,4,10,8,1,1.5
,2024-12-24,18,4,8,8,1,1.5
,2024-12-24,19,5,9,1,1,1.5
,2024-12-24,30,5,9,6,1,1.5
,2024-12-24,28,5,10,4,1,3.14
,2024-12-25,2,3,2,7,1,1.0
,2024-12-25,10,5,14,5,1,1.0
,2024-12-25,14,5,7,1,1,1.0
,2024-12-25,16,6,4,5,1,1.0
,2024-12-25,17,4,9,1,1,1.0
,2024-12-25,21,2,3,7,1,1.0
,2024-12-25,23,4,11,9,1,3.5
,2024-12-25,25,4,19,1,1,1.0
,2024-12-25,28,5,18,4,1,3.85
,2024-12-26,9,5,3,4,1,3.0
,2024-12-26,9,5,3,4,1,3.2
,2024-12-26,18,4,13,10,1,2.42
,2024-12-26,23,4,8,9,1,3.0
,2024-12-26,28,5,5,4,1,2.56
,2024-12-27,7,5,7,5,1,1.99
,2024-12-27,13,5,10,1,1,1.66
,2024-12-27,25,4,22,8,1,2.55
,2024-12-27,29,2,1,5,1,1.79
,2024-12-27,28,5,5,4,1,3.22
,2024-12-27,28,5,5,4,1,4.0
,2024-12-27,9,5,5,4,1,4.0
,2024-12-28,2,6,4,5,1,1.0
,2024-12-28,6,5,5,6,1,1.0
,2024-12-28,7,5,5,6,1,1.0
,2024-12-28,11,1,1,1,1,1.0
,2024-12-28,12,5,15,7,1,1.0
,2024-12-28,14,5,18,10,1,1.0
,2024-12-28,15,1,20,11,1,1.0
,2024-12-28,18,4,22,5,1,1.0
,2024-12-28,28,5,5,4,1,2.87
,2024-12-31,1,4,10,11,1,0.25
,2024-12-31,5,2,21,5,1,1.5
,2024-12-31,13,5,8,5,1,1.5
,2024-12-31,19,3,2,5,1,1.5
,2024-12-31,21,2,14,10,1,0.25
,2024-12-31,29,2,20,5,1,1.5
,2024-12-31,28,5,17,4,1,3.48
,2025-01-01,5,2,15,5,1,2.5
,2025-01-01,8,4,9,5,1,2.5
,2025-01-01,10,5,17,1,1,1.51
,2025-01-01,12,5,14,2,1,1.5
,2025-01-02,4,6,4,1,1,1.5
,2025-01-02,12,5,7,10,1,1.87
,2025-01-02,13,5,7,2,1,1.5
,2025-01-02,22,4,19,6,1,1.48
,2025-01-02,26,5,16,6,1,1.65
,2025-01-03,10,5,8,5,1,1.79
,2025-01-03,11,1,21,5,1,1.86
,2025-01-03,13,5,6,5,1,2.14
,2025-01-04,4,6,4,2,1,1.5
,2025-01-04,5,1,23,2,1,1.5
,2025-01-04,14,5,9,6,1,1.0
,2025-01-04,15,6,4,5,1,1.0
,2025-01-04,21,2,1,8,1,1.5
,2025-01-04,22,4,11,1,1,1.5
,2025-01-07,10,5,5,1,1,1.5
,2025-01-07,13,5,16,7,1,1.5
,2025-01-07,15,6,4,10,1,1.5
,2025-01-07,16,6,4,5,1,1.0
,2025-01-07,21,2,20,6,1,1.5
,2025-01-08,4,6,4,7,1,1.5
,2025-01-08,8,4,22,5,1,1.5
,2025-01-08,10,5,16,5,1,1.5
,2025-01-08,12,5,15,7,1,1.5
,2025-01-08,16,5,17,10,1,1.5
,2025-01-08,17,4,8,6,1,1.5
,2025-01-08,20,4,19,1,1,1.5
,2025-01-09,7,5,9,5,1,1.5
,2025-01-09,11,1,15,7,1,1.5
,2025-01-09,16,5,6,5,1,2.21
,2025-01-09,26,3,3,11,1,2.79
,2025-01-10,5,1,20,11,1,1.17
,2025-01-10,7,5,18,6,1,1.17
,2025-01-10,18,4,10,8,1,1.5
,2025-01-10,19,5,14,6,1,1.5
,2025-01-10,20,4,9,7,1,1.17
,2025-01-10,22,4,8,5,1,1.5
,2025-01-10,9,5,16,4,1,4.0
,2025-01-11,2,3,23,10,1,-1.0
,2025-01-11,4,1,15,7,1,1.5
,2025-01-11,8,4,23,8,1,1.5
,2025-01-11,15,1,23,10,1,1.5
,2025-01-11,17,4,13,8,1,1.5
,2025-01-11,24,5,8,10,1,1.5
,2025-01-11,25,4,23,7,1,1.5
,2025-01-14,8,4,19,6,1,1.5
,2025-01-14,13,5,15,2,1,1.5
,2025-01-14,16,5,7,6,1,1.5
,2025-01-14,21,2,14,5,1,1.5
,2025-01-14,23,4,9,9,1,3.5
,2025-01-14,29,2,14,5,1,1.5
,2025-01-15,2,2,16,11,1,-2.5
,2025-01-15,8,4,9,8,1,1.5
,2025-01-15,10,5,9,2,1,1.5
,2025-01-15,11,2,18,6,1,1.5
,2025-01-15,12,5,6,5,1,1.5
,2025-01-15,15,1,1,11,1,1.5
,2025-01-15,21,2,21,7,1,1.5
,2025-01-15,29,2,14,5,1,1.5
,2025-01-16,3,4,8,6,1,1.5
,2025-01-16,14,5,16,10,1,1.62
,2025-01-16,20,4,10,10,1,1.88
,2025-01-16,24,5,9,7,1,1.5
,2025-01-16,29,2,15,5,1,1.5
,2025-01-17,3,4,13,1,1,1.5
,2025-01-17,5,1,20,10,1,1.17
,2025-01-17,9,5,17,4,1,1.17
,2025-01-17,11,2,3,1,1,1.5
,2025-01-17,14,5,6,1,1,1.5
,2025-01-17,23,4,9,9,1,3.7
,2025-01-18,4,1,21,7,1,1.5
,2025-01-18,6,5,10,5,1,1.5
,2025-01-18,7,5,18,10,1,1.5
,2025-01-18,8,4,19,11,1,-1.0
,2025-01-18,19,3,14,11,1,1.5
,2025-01-18,26,5,3,5,1,1.5
,2025-01-21,5,6,4,1,1,1.5
,2025-01-21,6,5,18,7,1,2.02
,2025-01-21,8,4,11,5,1,2.47
,2025-01-21,17,4,11,8,1,2.01
,2025-01-22,1,4,22,5,1,1.5
,2025-01-22,5,1,20,6,1,1.17
,2025-01-22,8,4,2,5,1,1.17
,2025-01-22,9,5,17,4,1,1.5
,2025-01-22,21,2,14,11,1,1.17
,2025-01-22,26,5,14,5,1,1.5
,2025-01-23,6,5,8,5,1,1.5
,2025-01-23,9,5,3,4,1,2.34
,2025-01-23,20,4,2,7,1,2.18
,2025-01-23,29,2,15,11,1,1.97
,2025-01-24,14,5,10,6,1,1.64
,2025-01-24,17,4,23,5,1,1.5
,2025-01-24,19,3,10,10,1,1.86
,2025-01-24,22,4,9,1,1,1.5
,2025-01-24,26,3,9,5,1,1.5
,2025-01-24,9,5,15,4,1,4.0
,2025-01-25,1,4,23,11,1,1.5
,2025-01-25,4,1,15,10,1,1.5
,2025-01-25,5,6,4,10,1,0.25
,2025-01-25,8,4,8,1,1,1.5
,2025-01-25,10,5,15,10,1,0.25
,2025-01-25,22,4,11,1,1,1.5
,2025-01-25,30,5,8,2,1,1.5
,2025-01-28,2,3,3,11,1,1.95
,2025-01-28,3,4,22,5,1,1.56
,2025-01-28,6,5,18,1,1,1.5
,2025-01-28,16,6,4,7,1,1.49
,2025-01-28,30,5,16,7,1,1.5
,2025-01-29,8,4,19,11,1,2.28
,2025-01-29,17,4,2,5,1,1.5
,2025-01-29,23,4,9,9,1,3.7
,2025-01-29,27,1,15,5,1,1.5
,2025-01-30,1,4,23,5,1,1.5
,2025-01-30,23,4,19,9,1,2.5
,2025-01-30,8,4,22,10,1,1.86
,2025-01-30,17,4,13,6,1,1.5
,2025-01-30,30,5,6,5,1,1.5
,2025-01-31,1,4,11,11,1,1.0
,2025-01-31,3,4,23,8,1,1.0
,2025-01-31,12,5,8,10,1,1.0
,2025-01-31,14,5,16,5,1,1.0
,2025-01-31,16,6,4,10,1,1.0
,2025-01-31,18,4,10,5,1,1.0
,2025-01-31,23,4,19,9,1,2.5
,2025-01-31,25,4,9,10,1,1.0
,2025-02-01,4,2,15,1,1,1.5
,2025-02-01,6,5,15,6,1,1.89
,2025-02-01,19,5,7,5,1,1.5
,2025-02-01,23,4,22,8,1,1.5
,2025-02-01,25,4,8,1,1,1.61
,2025-02-04,7,5,10,1,1,1.5
,2025-02-04,8,4,23,7,1,1.62
,2025-02-04,11,6,4,11,1,3.38
,2025-02-04,29,2,20,5,1,1.5
,2025-02-05,9,5,7,1,1,1.95
,2025-02-05,15,2,16,5,1,1.48
,2025-02-05,17,4,2,1,1,1.5
,2025-02-05,21,2,17,5,1,1.5
,2025-02-05,25,4,22,8,1,1.57
,2025-02-05,99,5,10,11,1,2.0
,2025-02-06,3,4,13,5,1,2.5
,2025-02-06,5,6,4,5,1,1.5
,2025-02-06,9,5,6,1,1,1.79
,2025-02-06,21,2,16,6,1,2.21
,2025-02-07,6,5,15,11,1,2.41
,2025-02-07,9,5,16,1,1,2.55
,2025-02-07,17,4,9,5,1,1.55
,2025-02-07,20,4,9,6,1,1.5
,2025-02-08,1,4,8,1,1,1.5
,2025-02-08,9,5,7,10,1,3.39
,2025-02-08,13,5,6,1,1,1.5
,2025-02-08,29,2,3,1,1,1.5
,2025-02-11,15,6,4,11,1,1.17
,2025-02-11,16,6,4,5,1,1.17
,2025-02-11,17,4,22,6,1,1.5
,2025-02-11,19,3,15,1,1,1.5
,2025-02-11,20,4,2,5,1,1.17
,2025-02-11,29,2,3,5,1,1.5
,2025-02-12,1,4,11,1,1,1.5
,2025-02-12,3,4,13,6,1,1.69
,2025-02-12,10,5,7,1,1,1.5
,2025-02-12,13,5,6,5,1,1.48
,2025-02-12,17,4,8,6,1,1.84
,2025-02-12,99,5,5,11,1,2.0
,2025-02-13,1,4,11,11,1,2.21
,2025-02-13,9,5,3,1,1,1.5
,2025-02-13,14,5,6,11,1,1.88
,2025-02-13,29,2,1,10,1,2.41
,2025-02-14,1,4,8,8,1,1.5
,2025-02-14,2,2,21,1,1,1.5
,2025-02-14,8,4,13,11,1,0.5
,2025-02-14,14,5,17,5,1,1.5
,2025-02-14,21,2,21,5,1,1.5
,2025-02-14,25,4,2,6,1,1.5
,2025-02-15,4,2,20,1,1,1.5
,2025-02-15,17,4,9,1,1,1.5
,2025-02-15,18,4,9,8,1,1.5
,2025-02-15,22,4,19,7,1,1.0
,2025-02-15,27,2,1,5,1,1.0
,2025-02-15,30,5,8,5,1,1.5
,2025-02-18,8,4,13,8,1,2.67
,2025-02-18,10,5,7,6,1,2.2
,2025-02-18,17,4,19,1,1,1.5
,2025-02-18,26,3,3,5,1,1.63
,2025-02-19,1,4,22,8,1,1.5
,2025-02-19,5,3,23,6,1,1.5
,2025-02-19,10,5,17,5,1,1.5
,2025-02-19,13,5,3,10,1,-2.5
,2025-02-19,15,6,4,1,1,1.5
,2025-02-19,20,4,19,6,1,1.5
,2025-02-19,21,2,18,7,1,1.5
,2025-02-19,22,4,19,5,1,1.5
,2025-02-20,1,4,19,10,1,1.5
,2025-02-20,7,5,8,10,1,-1.0
,2025-02-20,16,6,4,10,1,1.5
,2025-02-20,20,4,13,7,1,1.5
,2025-02-20,25,4,11,10,1,1.5
,2025-02-20,26,3,2,6,1,1.5
,2025-02-20,27,1,23,11,1,1.5
,2025-02-20,28,5,10,4,1,3.75
,2025-02-20,99,5,8,11,1,2.0
,2025-02-21,2,3,15,6,1,1.5
,2025-02-21,9,5,3,1,1,1.5
,2025-02-21,13,5,6,7,1,1.5
,2025-02-21,14,5,18,10,1,0.25
,2025-02-21,19,3,23,10,1,1.5
,2025-02-21,25,4,2,10,1,0.25
,2025-02-21,28,5,7,4,1,3.93
,2025-02-22,5,2,3,5,1,1.5
,2025-02-22,8,4,23,1,1,1.5
,2025-02-22,13,5,7,7,1,1.5
,2025-02-22,14,5,9,11,1,0.25
,2025-02-22,15,1,15,1,1,1.5
,2025-02-22,25,4,8,7,1,1.5
,2025-02-22,28,5,3,4,1,3.79
,2025-02-25,1,4,22,1,1,1.5
,2025-02-25,17,4,19,6,1,1.5
,2025-02-25,19,5,8,5,1,1.5
,2025-02-25,20,4,23,1,1,1.5
,2025-02-25,21,2,14,11,1,1.5
,2025-02-25,23,4,9,1,1,1.5
,2025-02-25,28,5,16,4,1,3.17
,2025-02-26,8,4,19,7,1,1.14
,2025-02-26,9,5,16,1,1,1.14
,2025-02-26,10,5,7,10,1,1.14
,2025-02-26,13,5,9,10,1,1.14
,2025-02-26,23,4,13,8,1,1.14
,2025-02-26,25,4,19,6,1,1.14
,2025-02-26,29,2,18,5,1,1.14
,2025-02-26,28,5,16,2,1,2.84
,2025-02-27,6,5,15,6,1,1.5
,2025-02-27,7,5,14,2,1,1.5
,2025-02-27,10,5,14,6,1,1.0
,2025-02-27,18,4,10,7,1,1.0
,2025-02-27,20,4,2,8,1,1.5
,2025-02-27,21,2,15,5,1,1.5
,2025-02-27,28,5,8,4,1,2.51
,2025-02-28,12,5,10,7,1,1.5
,2025-02-28,17,4,8,7,1,1.5
,2025-02-28,22,4,22,8,1,1.5
,2025-02-28,24,5,14,6,1,1.5
,2025-02-28,30,5,17,1,1,1.5
,2025-02-28,28,5,10,4,1,3.45
,2025-03-01,18,4,9,7,2,1.0
,2025-03-01,21,2,14,11,2,1.0
,2025-03-01,23,4,9,9,2,1.5
,2025-03-01,24,5,15,3,2,1.5
,2025-03-01,26,5,6,5,2,1.5
,2025-03-01,30,5,9,6,2,1.5
,2025-03-01,28,5,16,1,2,1.71
,2025-03-04,1,4,9,1,2,1.0
,2025-03-04,2,2,21,5,2,1.0
,2025-03-04,5,1,15,3,2,1.0
,2025-03-04,12,5,6,7,2,1.0
,2025-03-04,14,5,10,1,2,1.0
,2025-03-04,25,4,10,7,2,1.0
,2025-03-04,27,2,15,2,2,1.0
,2025-03-04,29,2,3,7,2,1.0
,2025-03-04,28,5,6,1,2,2.03
,2025-03-05,4,2,3,7,2,1.5
,2025-03-05,8,4,22,1,2,1.5
,2025-03-05,14,5,16,1,2,1.5
,2025-03-05,15,2,20,10,2,1.0
,2025-03-05,29,2,17,11,2,1.0
,2025-03-05,30,5,17,6,2,1.5
,2025-03-05,28,5,15,1,2,1.82
,2025-03-06,5,2,3,7,2,1.0
,2025-03-06,6,5,9,3,2,1.5
,2025-03-06,8,4,23,10,2,1.0
,2025-03-06,22,4,2,8,2,1.5
,2025-03-06,29,2,18,8,2,1.5
,2025-03-06,30,5,9,7,2,1.5
,2025-03-06,28,5,18,1,2,1.71
,2025-03-07,12,5,8,3,2,1.71
,2025-03-07,23,4,22,9,2,1.7
,2025-03-07,24,5,3,3,2,1.79
,2025-03-07,25,4,9,8,2,1.5
,2025-03-07,29,2,21,3,2,1.5
,2025-03-07,28,5,5,1,2,1.61
,2025-03-08,7,5,5,6,2,1.0
,2025-03-08,8,4,9,8,2,1.0
,2025-03-08,9,5,16,1,2,1.0
,2025-03-08,13,5,6,1,2,1.0
,2025-03-08,18,4,2,7,2,1.0
,2025-03-08,20,4,22,7,2,1.0
,2025-03-08,22,4,8,10,2,1.0
,2025-03-08,25,4,8,3,2,1.0
,2025-03-08,28,5,16,1,2,1.75
,2025-03-11,4,2,18,6,2,1.5
,2025-03-11,8,4,13,7,2,1.5
,2025-03-11,9,5,6,2,2,-1.0
,2025-03-11,16,5,18,7,2,1.5
,2025-03-11,22,4,19,1,2,1.5
,2025-03-11,27,6,4,5,2,1.5
,2025-03-11,28,5,7,1,2,1.99
,2025-03-12,2,2,14,2,2,1.5
,2025-03-12,7,5,7,7,2,1.5
,2025-03-12,8,4,22,10,2,0.5
,2025-03-12,15,1,21,7,2,1.5
,2025-03-12,22,4,9,7,2,1.5
,2025-03-12,25,4,2,1,2,1.5
,2025-03-12,28,5,3,1,2,1.82
,2025-03-13,6,5,18,2,2,1.44
,2025-03-13,9,5,14,2,2,1.5
,2025-03-13,16,5,8,11,2,2.12
,2025-03-13,23,4,10,9,2,1.5
,2025-03-13,24,5,3,2,2,1.44
,2025-03-13,28,5,15,1,2,1.69
,2025-03-14,4,2,20,7,2,1.5
,2025-03-14,6,5,14,11,2,1.5
,2025-03-14,7,5,6,1,2,1.5
,2025-03-14,9,5,17,2,2,0.25
,2025-03-14,10,5,10,2,2,1.5
,2025-03-14,11,6,4,10,2,0.25
,2025-03-14,30,5,14,6,2,1.5
,2025-03-14,28,5,8,1,2,1.96
,2025-03-15,3,4,10,10,2,0.25
,2025-03-15,5,1,20,10,2,1.5
,2025-03-15,11,3,3,11,2,1.5
,2025-03-15,12,5,6,1,2,1.5
,2025-03-15,18,4,23,6,2,1.5
,2025-03-15,21,2,3,5,2,1.5
,2025-03-15,28,5,5,1,2,1.63
,2025-03-15,28,5,5,11,2,2.5
,2025-03-15,9,5,18,10,2,2.5
,2025-03-18,2,3,8,6,2,1.0
,2025-03-18,3,4,10,2,2,1.0
,2025-03-18,5,6,4,7,2,1.0
,2025-03-18,10,5,8,10,2,1.0
,2025-03-18,14,5,6,10,2,1.0
,2025-03-18,15,6,4,11,2,1.0
,2025-03-18,18,4,23,8,2,1.0
,2025-03-18,25,4,8,10,2,1.0
,2025-03-18,28,5,17,1,2,1.83
,2025-03-19,12,5,10,6,2,1.78
,2025-03-19,21,2,17,3,2,1.84
,2025-03-19,24,5,8,6,2,2.02
,2025-03-19,30,5,3,11,2,2.36
,2025-03-19,28,5,14,1,2,2.13
,2025-03-20,5,1,21,10,2,1.17
,2025-03-20,7,5,15,1,2,1.5
,2025-03-20,8,4,8,1,2,1.5
,2025-03-20,14,5,8,2,2,1.5
,2025-03-20,20,4,13,10,2,1.17
,2025-03-20,28,5,5,1,2,1.77
,2025-03-21,2,3,8,1,2,1.0
,2025-03-21,5,1,15,10,2,1.0
,2025-03-21,13,5,7,2,2,1.0
,2025-03-21,18,4,8,8,2,1.0
,2025-03-21,19,3,14,11,2,1.0
,2025-03-21,20,4,19,7,2,1.0
,2025-03-21,22,4,11,7,2,1.0
,2025-03-21,27,1,21,11,2,1.0
,2025-03-21,28,5,7,1,2,1.77
,2025-03-22,11,1,20,8,2,1.5
,2025-03-22,14,5,10,10,2,1.0
,2025-03-22,18,4,9,8,2,1.5
,2025-03-22,23,4,13,9,2,1.5
,2025-03-22,26,3,10,10,2,1.0
,2025-03-22,29,2,21,5,2,1.5
,2025-03-22,28,5,8,1,2,2.2
,2025-03-25,1,4,8,8,2,1.5
,2025-03-25,6,5,6,3,2,1.5
,2025-03-25,9,5,17,10,2,2.5
,2025-03-25,10,5,14,2,2,1.5
,2025-03-25,15,3,10,7,2,1.5
,2025-03-25,18,4,9,3,2,1.5
,2025-03-25,20,4,23,1,2,1.5
,2025-03-25,30,5,15,3,2,1.5
,2025-03-25,28,5,10,10,2,2.18
,2025-03-26,4,6,4,10,2,-1.0
,2025-03-26,7,5,10,6,2,1.5
,2025-03-26,16,6,4,3,2,1.5
,2025-03-26,20,4,22,7,2,1.5
,2025-03-26,24,5,5,3,2,1.5
,2025-03-26,25,4,2,6,2,1.5
,2025-03-26,27,2,14,11,2,1.5
,2025-03-26,28,5,15,1,2,1.66
,2025-03-27,18,4,11,8,2,1.61
,2025-03-27,19,3,10,7,2,1.5
,2025-03-27,21,2,3,5,2,1.49
,2025-03-27,26,5,15,10,2,1.92
,2025-03-27,30,5,8,3,2,1.49
,2025-03-27,28,5,6,1,2,1.9
,2025-03-28,2,3,14,5,2,1.5
,2025-03-28,13,5,16,2,2,1.5
,2025-03-28,15,2,14,6,2,1.5
,2025-03-28,17,4,8,6,2,1.5
,2025-03-28,27,1,1,10,2,-0.5
,2025-03-28,29,2,16,5,2,1.5
,2025-03-28,30,5,6,10,2,-0.5
,2025-03-28,28,5,17,1,2,1.82
,2025-03-29,1,4,9,10,2,2.65
,2025-03-29,7,5,9,10,2,2.36
,2025-03-29,10,5,10,6,2,1.5
,2025-03-29,29,2,21,2,2,1.5
,2025-03-29,28,5,18,1,2,1.99
,2025-04-01,4,6,4,2,2,1.5
,2025-04-01,17,4,19,3,2,1.5
,2025-04-01,20,4,19,1,2,1.5
,2025-04-01,22,4,2,10,2,1.95
,2025-04-01,29,2,14,6,2,1.55
,2025-04-01,28,5,10,1,2,1.67
,2025-04-02,3,4,10,11,2,1.0
,2025-04-02,8,4,13,8,2,1.0
,2025-04-02,13,5,3,3,2,1.0
,2025-04-02,14,5,3,10,2,1.0
,2025-04-02,23,4,2,11,2,1.0
,2025-04-02,24,5,6,10,2,1.0
,2025-04-02,27,1,15,3,2,1.0
,2025-04-02,28,5,3,10,2,2.0
,2025-04-03,13,5,17,3,2,2.6
,2025-04-03,16,5,7,5,2,1.85
,2025-04-03,22,4,19,1,2,1.5
,2025-04-03,26,3,3,3,2,2.05
,2025-04-03,28,5,5,1,2,1.6
,2025-04-04,7,5,18,3,2,1.0
,2025-04-04,10,5,8,1,2,1.0
,2025-04-04,12,5,17,2,2,1.0
,2025-04-04,13,5,16,1,2,1.0
,2025-04-04,14,5,17,6,2,1.0
,2025-04-04,17,4,11,8,2,1.0
,2025-04-04,21,2,17,2,2,1.0
,2025-04-04,26,5,3,6,2,1.0
,2025-04-04,28,5,17,1,2,1.74
,2025-04-05,3,4,19,8,2,1.49
,2025-04-05,11,1,23,10,2,1.6
,2025-04-05,14,5,18,10,2,1.9
,2025-04-05,23,4,19,11,2,0.5
,2025-04-05,30,5,3,2,2,1.5
,2025-04-05,28,5,3,1,2,2.04
,2025-04-08,9,5,3,11,2,1.5
,2025-04-08,18,4,2,10,2,1.97
,2025-04-08,23,4,23,11,2,0.5
,2025-04-08,26,5,9,2,2,1.53
,2025-04-08,28,5,6,1,2,2.08
,2025-04-09,3,4,11,7,2,1.5
,2025-04-09,12,5,16,10,2,1.0
,2025-04-09,15,6,4,6,2,1.5
,2025-04-09,20,4,9,10,2,1.0
,2025-04-09,23,4,23,11,2,1.5
,2025-04-09,26,5,18,2,2,1.5
,2025-04-09,28,5,18,10,2,2.08
,2025-04-10,1,4,23,1,2,1.5
,2025-04-10,2,6,4,3,2,1.5
,2025-04-10,6,5,15,6,2,1.17
,2025-04-10,7,5,6,10,2,1.17
,2025-04-10,12,5,18,10,2,1.17
,2025-04-10,16,5,18,1,2,1.5
,2025-04-10,28,5,10,1,2,1.87
,2025-04-11,4,1,20,2,2,1.5
,2025-04-11,5,3,10,2,2,1.5
,2025-04-11,9,5,5,11,2,1.5
,2025-04-11,11,3,9,11,2,-2.5
,2025-04-11,18,4,8,8,2,1.5
,2025-04-11,19,3,2,6,2,1.5
,2025-04-11,21,2,3,7,2,1.5
,2025-04-11,30,5,5,2,2,1.5
,2025-04-11,28,5,14,1,2,1.69
,2025-04-12,6,5,5,6,2,1.5
,2025-04-12,7,5,9,10,2,1.55
,2025-04-12,19,5,9,10,2,1.95
,2025-04-12,25,4,19,7,2,1.5
,2025-04-12,29,2,3,7,2,1.5
,2025-04-12,28,5,17,1,2,1.74
,2025-04-15,2,6,4,11,2,1.14
,2025-04-15,4,2,18,5,2,1.14
,2025-04-15,6,5,18,3,2,1.14
,2025-04-15,12,5,9,2,2,1.14
,2025-04-15,15,1,23,10,2,1.14
,2025-04-15,22,4,11,7,2,1.14
,2025-04-15,28,5,18,1,2,1.93
,2025-04-16,5,1,15,1,2,1.5
,2025-04-16,10,5,6,10,2,2.5
,2025-04-16,12,5,17,7,2,1.5
,2025-04-16,13,5,17,10,2,1.5
,2025-04-16,14,5,5,5,2,1.5
,2025-04-17,1,4,11,1,2,1.5
,2025-04-17,3,4,8,6,2,1.5
,2025-04-17,5,2,1,2,2,1.5
,2025-04-17,12,5,10,2,2,1.5
,2025-04-17,14,5,6,5,2,1.5
,2025-04-18,3,4,9,2,2,1.5
,2025-04-18,13,5,14,2,2,1.81
,2025-04-18,22,4,19,6,2,2.86
,2025-04-18,23,4,19,11,2,1.5
,2025-04-18,28,5,5,1,2,1.99
,2025-04-19,8,4,19,6,2,2.3
,2025-04-19,11,6,4,3,2,3.1
,2025-04-19,13,5,10,7,2,1.14
,2025-04-19,15,2,15,11,2,2.0
